id;data_inversa;dia_semana;horario;uf;br;km;municipio;causa_acidente;tipo_acidente;classificacao_acidente;fase_dia
1068961;2012-02-29;Quarta;19:40:00;RJ;101;333.8;RIO DE JANEIRO;Ultrapassagem indevida;Colisao lateral;Sem Vitimas;Pleno dia
1068980;2012-03-04;Domingo;09:00:00;RJ;101;327.0;NITEROI;Outras;Colisao traseira;Sem Vitimas;Pleno dia
1068993;2012-03-04;Domingo;06:30:00;RJ;101;322.0;NITEROI;Outras;Capotamento;Sem Vitimas;Amanhecer
1069007;2012-02-29;Quarta;22:50:00;RJ;101;321.0;NITEROI;Outras;Colisao lateral;Sem Vitimas;Plena noite
1069017;2012-02-29;Quarta;22:10:00;RJ;101;320.0;NITEROI;Outras;Colisao lateral;Sem Vitimas;Plena noite
1069021;2012-02-29;Quarta;11:30:00;RJ;101;327.1;RIO DE JANEIRO;Outras;Colisao traseira;Sem Vitimas;Pleno dia
1069035;2012-02-29;Quarta;10:49:00;RJ;101;324.8;RIO DE JANEIRO;Outras;Colisao traseira;Sem Vitimas;Pleno dia
1069046;2012-02-29;Quarta;06:30:00;RJ;101;324.0;NITEROI;Outras;Colisao traseira;Sem Vitimas;Pleno dia
1069460;2012-03-05;Segunda;07:40:00;RJ;101;316.0;SAO GONCALO;Outras;Queda de motocicleta / bicicleta / veiculo;Com Vitimas Feridas;Pleno dia
1069765;2012-03-05;Segunda;10:30:00;RJ;101;322.0;NITEROI;Outras;Colisao traseira;Com Vitimas Feridas;Pleno dia
1069871;2012-03-06;Terca;06:30:00;RJ;101;322.0;NITEROI;Outras;Colisao traseira;Sem Vitimas;Pleno dia
1069923;2012-03-06;Terca;06:45:00;RJ;101;328.0;RIO DE JANEIRO;Outras;Colisao traseira;Sem Vitimas;Pleno dia
1069961;2012-03-03;Sabado;13:20:00;RJ;101;321.0;NITEROI;Outras;Colisao traseira;Sem Vitimas;Pleno dia
1069980;2012-03-06;Terca;07:30:00;RJ;101;322.0;NITEROI;Outras;Colisao lateral;Com Vitimas Feridas;Pleno dia
1069986;2012-03-02;Sexta;22:24:00;RJ;101;312.0;SAO GONCALO;Outras;Queda de motocicleta / bicicleta / veiculo;Com Vitimas Feridas;Plena noite
1070031;2012-03-02;Sexta;23:50:00;RJ;101;315.0;SAO GONCALO;Velocidade incompativel;Saida de Pista;Sem Vitimas;Plena noite
1070287;2012-03-06;Terca;22:00:00;RJ;101;334.0;RIO DE JANEIRO;Outras;Colisao lateral;Sem Vitimas;Plena noite
1070512;2012-03-07;Quarta;12:42:00;RJ;101;309.0;SAO GONCALO;Falta de atencao;Colisao traseira;Sem Vitimas;Pleno dia
1070533;2012-03-07;Quarta;10:35:00;RJ;101;329.0;RIO DE JANEIRO;Nao guardar distancia de seguranca;Colisao traseira;Sem Vitimas;Pleno dia
1070729;2012-03-07;Quarta;09:40:00;RJ;101;330.0;RIO DE JANEIRO;Nao guardar distancia de seguranca;Colisao traseira;Sem Vitimas;Pleno dia
1070797;2012-03-07;Quarta;10:20:00;RJ;101;328.0;RIO DE JANEIRO;Nao guardar distancia de seguranca;Colisao traseira;Sem Vitimas;Pleno dia
1070915;2012-03-08;Quinta;07:40:00;RJ;101;310.0;SAO GONCALO;Falta de atencao;Colisao traseira;Sem Vitimas;Pleno dia
1071226;2012-03-08;Quinta;20:30:00;RJ;101;321.0;SAO GONCALO;Outras;Colisao lateral;Sem Vitimas;Plena noite
1071416;2012-03-06;Terca;04:45:00;RJ;101;321.0;NITEROI;Outras;Saida de Pista;Com Vitimas Feridas;Plena noite
1071514;2012-03-07;Quarta;10:20:00;RJ;101;329.0;RIO DE JANEIRO;Outras;Colisao traseira;Sem Vitimas;Pleno dia
1071708;2012-03-09;Sexta;17:00:00;RJ;101;322.0;NITEROI;Falta de atencao;Colisao traseira;Sem Vitimas;Pleno dia
1071769;2012-03-10;Sabado;09:30:00;RJ;101;322.0;NITEROI;Falta de atencao;Colisao traseira;Sem Vitimas;Pleno dia
1071806;2012-03-10;Sabado;12:35:00;RJ;101;331.0;RIO DE JANEIRO;Falta de atencao;Colisao lateral;Sem Vitimas;Pleno dia
1071889;2012-03-10;Sabado;11:05:00;RJ;101;334.0;RIO DE JANEIRO;Outras;Colisao com objeto fixo;Sem Vitimas;Pleno dia
1071911;2012-03-07;Quarta;17:45:00;RJ;101;321.0;RIO DE JANEIRO;Outras;Colisao lateral;Sem Vitimas;Anoitecer
1072061;2012-03-10;Sabado;20:00:00;RJ;101;329.0;RIO DE JANEIRO;Ultrapassagem indevida;Colisao traseira;Sem Vitimas;Plena noite
1072117;2012-03-10;Sabado;08:40:00;RJ;101;316.0;SAO GONCALO;Outras;Colisao traseira;Sem Vitimas;Pleno dia
1072203;2012-03-07;Quarta;22:45:00;RJ;101;321.0;NITEROI;Outras;Colisao lateral;Sem Vitimas;Plena noite
1072214;2012-03-07;Quarta;21:00:00;RJ;101;321.0;NITEROI;Outras;Queda de motocicleta / bicicleta / veiculo;Com Vitimas Feridas;Plena noite
1072218;2012-03-08;Quinta;23:05:00;RJ;101;320.0;NITEROI;Outras;Colisao lateral;Sem Vitimas;Plena noite
1072230;2012-03-08;Quinta;17:20:00;RJ;101;326.3;RIO DE JANEIRO;Outras;Colisao traseira;Sem Vitimas;Anoitecer
1072238;2012-03-08;Quinta;15:30:00;RJ;101;329.1;RIO DE JANEIRO;Outras;Danos Eventuais;Sem Vitimas;Pleno dia
1072253;2012-03-08;Quinta;05:40:00;RJ;101;326.1;RIO DE JANEIRO;Outras;Colisao traseira;Sem Vitimas;Amanhecer
1072264;2012-03-08;Quinta;16:10:00;RJ;101;326.1;RIO DE JANEIRO;Outras;Colisao traseira;Sem Vitimas;Pleno dia
1072277;2012-03-08;Quinta;19:55:00;RJ;101;322.1;NITEROI;Outras;Colisao traseira;Sem Vitimas;Plena noite
1072291;2012-03-08;Quinta;18:20:00;RJ;101;332.0;RIO DE JANEIRO;Outras;Colisao traseira;Sem Vitimas;Plena noite
1072377;2012-03-11;Domingo;06:00:00;RJ;101;329.0;RIO DE JANEIRO;Ingestao de alcool;Colisao lateral;Sem Vitimas;Amanhecer
1072475;2012-03-11;Domingo;10:30:00;RJ;101;331.0;RIO DE JANEIRO;Outras;Colisao lateral;Com Vitimas Feridas;Pleno dia
1072540;2012-03-11;Domingo;18:50:00;RJ;101;328.0;RIO DE JANEIRO;Outras;Colisao traseira;Sem Vitimas;Plena noite
1072561;2012-03-11;Domingo;19:30:00;RJ;101;308.0;SAO GONCALO;Outras;Saida de Pista;Sem Vitimas;Plena noite
1072631;2012-03-11;Domingo;23:00:00;RJ;101;301.0;SAO GONCALO;Outras;Queda de motocicleta / bicicleta / veiculo;Com Vitimas Feridas;Pleno dia
1072632;2012-03-11;Domingo;22:30:00;RJ;101;312.0;SAO GONCALO;Falta de atencao;Colisao traseira;Sem Vitimas;Pleno dia
1072753;2012-03-04;Domingo;08:00:00;RJ;101;322.0;RIO DE JANEIRO;Falta de atencao;Colisao traseira;Sem Vitimas;Pleno dia
1073075;2012-03-12;Segunda;09:50:00;RJ;101;316.0;SAO GONCALO;Outras;Queda de motocicleta / bicicleta / veiculo;Com Vitimas Feridas;Pleno dia
1073087;2012-03-12;Segunda;09:52:00;RJ;101;318.0;SAO GONCALO;Outras;Incendio;Com Vitimas Feridas;Pleno dia
1073160;2012-03-12;Segunda;17:30:00;RJ;101;304.0;SAO GONCALO;Falta de atencao;Colisao traseira;Sem Vitimas;Anoitecer
1073382;2012-03-12;Segunda;23:20:00;RJ;101;318.0;SAO GONCALO;Outras;Tombamento;Sem Vitimas;Anoitecer
1073423;2012-03-13;Terca;06:15:00;RJ;101;310.0;SAO GONCALO;Outras;Colisao lateral;Sem Vitimas;Pleno dia
1073435;2012-02-14;Terca;22:50:00;RJ;101;300.0;SAO GONCALO;Outras;Saida de Pista;Sem Vitimas;Plena noite
1073472;2012-03-09;Sexta;13:05:00;RJ;101;332.0;RIO DE JANEIRO;Outras;Colisao com objeto fixo;Com Vitimas Feridas;Pleno dia
1073475;2012-03-09;Sexta;21:10:00;RJ;101;328.0;RIO DE JANEIRO;Outras;Colisao traseira;Com Vitimas Feridas;Plena noite
1073578;2012-03-13;Terca;06:40:00;RJ;101;306.0;SAO GONCALO;Outras;Colisao traseira;Sem Vitimas;Pleno dia
1073779;2012-03-13;Terca;21:35:00;RJ;101;324.0;NITEROI;Outras;Colisao lateral;Sem Vitimas;Plena noite
1073812;2012-03-13;Terca;18:20:00;RJ;101;319.0;SAO GONCALO;Outras;Colisao traseira;Sem Vitimas;Plena noite
1073908;2012-03-09;Sexta;16:50:00;RJ;101;323.0;NITEROI;Falta de atencao;Colisao traseira;Sem Vitimas;Pleno dia
1073929;2012-03-09;Sexta;21:30:00;RJ;101;322.0;NITEROI;Falta de atencao;Colisao lateral;Sem Vitimas;Plena noite
1073930;2012-03-14;Quarta;06:00:00;RJ;101;320.0;NITEROI;Outras;Colisao com objeto fixo;Sem Vitimas;Amanhecer
1073937;2012-03-10;Sabado;21:20:00;RJ;101;313.0;SAO GONCALO;Ingestao de alcool;Colisao frontal;Sem Vitimas;Plena noite
1073973;2012-03-14;Quarta;09:40:00;RJ;101;328.3;RIO DE JANEIRO;Outras;Colisao lateral;Sem Vitimas;Pleno dia
1073999;2012-03-09;Sexta;22:40:00;RJ;101;334.0;NITEROI;Falta de atencao;Colisao lateral;Sem Vitimas;Plena noite
1074016;2012-03-09;Sexta;22:50:00;RJ;101;322.0;NITEROI;Falta de atencao;Colisao traseira;Sem Vitimas;Plena noite
1074031;2012-03-09;Sexta;17:15:00;RJ;101;323.0;NITEROI;Falta de atencao;Colisao traseira;Sem Vitimas;Pleno dia
1074348;2012-03-12;Segunda;20:20:00;RJ;101;323.0;NITEROI;Outras;Colisao traseira;Sem Vitimas;Plena noite
1074356;2012-03-12;Segunda;08:30:00;RJ;101;321.0;NITEROI;Outras;Colisao traseira;Sem Vitimas;Pleno dia
1074369;2012-03-16;Sexta;05:30:00;RJ;101;327.0;NITEROI;Outras;Colisao traseira;Sem Vitimas;Amanhecer
1074372;2012-03-12;Segunda;07:15:00;RJ;101;314.0;SAO GONCALO;Outras;Colisao traseira;Com Vitimas Feridas;Pleno dia
1074398;2012-03-12;Segunda;16:15:00;RJ;101;306.0;SAO GONCALO;Outras;Colisao traseira;Sem Vitimas;Plena noite
1074423;2012-03-12;Segunda;19:00:00;RJ;101;308.0;SAO GONCALO;Outras;Colisao com objeto fixo;Sem Vitimas;Anoitecer
1074467;2012-03-13;Terca;15:00:00;RJ;101;324.0;NITEROI;Outras;Colisao traseira;Com Vitimas Feridas;Pleno dia
1074708;2012-03-16;Sexta;14:30:00;RJ;101;305.0;SAO GONCALO;Outras;Colisao traseira;Sem Vitimas;Pleno dia
1074992;2012-03-13;Terca;18:05:00;RJ;101;322.0;NITEROI;Outras;Colisao lateral;Sem Vitimas;Anoitecer
1075045;2012-03-17;Sabado;09:10:00;RJ;101;322.0;NITEROI;Outras;Colisao lateral;Sem Vitimas;Pleno dia
1075097;2012-03-17;Sabado;09:20:00;RJ;101;320.0;NITEROI;Outras;Colisao lateral;Sem Vitimas;Pleno dia
1075175;2012-03-17;Sabado;11:05:00;RJ;101;323.0;NITEROI;Outras;Colisao traseira;Sem Vitimas;Pleno dia
1075241;2012-03-17;Sabado;14:35:00;RJ;101;320.0;NITEROI;Outras;Colisao traseira;Sem Vitimas;Pleno dia
1075287;2012-03-17;Sabado;13:50:00;RJ;101;322.0;NITEROI;Outras;Colisao traseira;Com Vitimas Feridas;Pleno dia
1075406;2012-03-17;Sabado;18:15:00;RJ;101;303.0;SAO GONCALO;Outras;Colisao com objeto fixo;Com Vitimas Feridas;Anoitecer
1075407;2012-03-17;Sabado;17:15:00;RJ;101;317.0;SAO GONCALO;Outras;Colisao lateral;Sem Vitimas;Pleno dia
1075418;2012-03-17;Sabado;18:45:00;RJ;101;316.0;SAO GONCALO;Outras;Saida de Pista;Sem Vitimas;Plena noite
1075509;2012-03-17;Sabado;21:30:00;RJ;101;333.0;RIO DE JANEIRO;Outras;Colisao traseira;Sem Vitimas;Plena noite
1075587;2012-03-17;Sabado;18:20:00;RJ;101;304.0;SAO GONCALO;Falta de atencao;Colisao traseira;Sem Vitimas;Anoitecer
1075597;2012-03-17;Sabado;18:25:00;RJ;101;304.0;SAO GONCALO;Falta de atencao;Colisao traseira;Sem Vitimas;Anoitecer
1075632;2012-03-14;Quarta;11:20:00;RJ;101;332.0;RIO DE JANEIRO;Falta de atencao;Colisao lateral;Com Vitimas Feridas;Pleno dia
1075664;2012-03-15;Quinta;04:30:00;RJ;101;333.0;RIO DE JANEIRO;Dormindo;Capotamento;Sem Vitimas;Plena noite
1075738;2012-03-14;Quarta;19:45:00;RJ;101;327.0;RIO DE JANEIRO;Outras;Colisao lateral;Com Vitimas Feridas;Plena noite
1076105;2012-03-18;Domingo;19:00:00;RJ;101;313.0;SAO GONCALO;Ingestao de alcool;Colisao com objeto fixo;Sem Vitimas;Plena noite
1076161;2012-03-18;Domingo;19:35:00;RJ;101;321.8;NITEROI;Outras;Colisao com objeto fixo;Sem Vitimas;Plena noite
1076187;2012-03-18;Domingo;21:30:00;RJ;101;303.0;SAO GONCALO;Outras;Saida de Pista;Sem Vitimas;Plena noite
1076214;2012-03-18;Domingo;19:50:00;RJ;101;323.0;NITEROI;Outras;Colisao traseira;Com Vitimas Feridas;Plena noite
1076351;2012-03-19;Segunda;07:30:00;RJ;101;313.0;SAO GONCALO;Outras;Queda de motocicleta / bicicleta / veiculo;Com Vitimas Feridas;Pleno dia
1076571;2012-03-19;Segunda;08:00:00;RJ;101;322.0;NITEROI;Outras;Colisao lateral;Sem Vitimas;Pleno dia
1076638;2012-03-15;Quinta;15:33:00;RJ;101;324.0;NITEROI;Falta de atencao;Colisao traseira;Sem Vitimas;Pleno dia
1076752;2012-03-15;Quinta;10:15:00;RJ;101;321.0;NITEROI;Outras;Colisao traseira;Sem Vitimas;Pleno dia
1076838;2012-03-15;Quinta;05:40:00;RJ;101;330.0;RIO DE JANEIRO;Dormindo;Colisao traseira;Sem Vitimas;Amanhecer
1076924;2012-03-15;Quinta;07:45:00;RJ;101;321.0;NITEROI;Outras;Colisao traseira;Sem Vitimas;Pleno dia
1077085;2012-03-19;Segunda;10:00:00;RJ;101;329.0;RIO DE JANEIRO;Outras;Colisao traseira;Sem Vitimas;Pleno dia
1077204;2012-03-16;Sexta;14:30:00;RJ;101;305.0;SAO GONCALO;Outras;Colisao traseira;Sem Vitimas;Pleno dia
1077518;2012-03-16;Sexta;18:50:00;RJ;101;322.0;NITEROI;Outras;Colisao lateral;Sem Vitimas;Plena noite
1077542;2012-03-11;Domingo;11:30:00;RJ;101;322.0;NITEROI;Falta de atencao;Colisao traseira;Sem Vitimas;Pleno dia
1077549;2012-03-16;Sexta;20:00:00;RJ;101;324.0;NITEROI;Outras;Colisao traseira;Sem Vitimas;Anoitecer
1077641;2012-03-20;Terca;18:20:00;RJ;101;321.0;NITEROI;Outras;Colisao lateral;Sem Vitimas;Plena noite
1077658;2012-03-20;Terca;15:30:00;RJ;101;325.2;RIO DE JANEIRO;Outras;Colisao lateral;Sem Vitimas;Anoitecer
1077743;2012-03-20;Terca;20:20:00;RJ;101;318.0;SAO GONCALO;Nao guardar distancia de seguranca;Colisao traseira;Sem Vitimas;Plena noite
1077817;2012-03-20;Terca;18:34:00;RJ;101;308.0;SAO GONCALO;Outras;Colisao traseira;Com Vitimas Feridas;Plena noite
1077910;2012-03-21;Quarta;07:56:00;RJ;101;328.0;RIO DE JANEIRO;Outras;Colisao traseira;Sem Vitimas;Pleno dia
1078155;2012-03-21;Quarta;14:10:00;RJ;101;318.0;SAO GONCALO;Outras;Colisao lateral;Sem Vitimas;Pleno dia
1078194;2012-03-21;Quarta;16:48:00;RJ;101;322.0;NITEROI;Outras;Colisao traseira;Sem Vitimas;Pleno dia
1078479;2012-03-16;Sexta;21:40:00;RJ;101;322.0;NITEROI;Outras;Colisao traseira;Sem Vitimas;Plena noite
1078518;2012-03-22;Quinta;07:20:00;RJ;101;328.5;RIO DE JANEIRO;Outras;Colisao traseira;Sem Vitimas;Pleno dia
1078657;2012-03-22;Quinta;20:00:00;RJ;101;321.3;NITEROI;Outras;Colisao traseira;Sem Vitimas;Plena noite
1078671;2012-03-18;Domingo;20:20:00;RJ;101;305.0;SAO GONCALO;Outras;Colisao traseira;Sem Vitimas;Plena noite
1078729;2012-03-22;Quinta;21:30:00;RJ;101;316.0;NITEROI;Outras;Incendio;Sem Vitimas;Pleno dia
1078746;2012-03-22;Quinta;15:20:00;RJ;101;322.5;NITEROI;Outras;Colisao traseira;Sem Vitimas;Pleno dia
1078814;2012-03-23;Sexta;00:10:00;RJ;101;327.0;RIO DE JANEIRO;Outras;Colisao traseira;Sem Vitimas;Plena noite
1079013;2012-01-15;Domingo;18:00:00;RJ;101;321.0;NITEROI;Ingestao de alcool;Colisao Transversal;Com Vitimas Feridas;Pleno dia
1079018;2012-03-23;Sexta;06:00:00;RJ;101;312.5;SAO GONCALO;Outras;Saida de Pista;Com Vitimas Feridas;Pleno dia
1079037;2012-03-23;Sexta;06:00:00;RJ;101;312.0;SAO GONCALO;Falta de atencao;Colisao lateral;Com Vitimas Fatais;Pleno dia
1079038;2012-03-23;Sexta;11:30:00;RJ;101;318.0;SAO GONCALO;Outras;Colisao traseira;Sem Vitimas;Pleno dia
1079039;2012-03-19;Segunda;21:00:00;RJ;101;324.0;NITEROI;Outras;Colisao com objeto movel;Sem Vitimas;Plena noite
1079064;2012-02-20;Segunda;01:30:00;RJ;101;313.0;MANGARATIBA;Outras;Saida de Pista;Com Vitimas Feridas;Plena noite
1079120;2012-03-19;Segunda;19:45:00;RJ;101;322.0;NITEROI;Falta de atencao;Colisao lateral;Sem Vitimas;Plena noite
1079224;2012-03-23;Sexta;22:20:00;RJ;101;321.0;NITEROI;Outras;Colisao lateral;Sem Vitimas;Plena noite
1079237;2012-03-24;Sabado;05:30:00;RJ;101;306.0;SAO GONCALO;Outras;Colisao traseira;Sem Vitimas;Amanhecer
1079249;2012-03-23;Sexta;23:40:00;RJ;101;322.0;NITEROI;Outras;Colisao traseira;Sem Vitimas;Plena noite
1079263;2012-03-16;Sexta;22:30:00;RJ;101;319.0;SAO GONCALO;Falta de atencao;Saida de Pista;Sem Vitimas;Plena noite
1079346;2012-03-20;Terca;20:00:00;RJ;101;328.0;NITEROI;Nao guardar distancia de seguranca;Colisao traseira;Sem Vitimas;Amanhecer
1079366;2012-03-23;Sexta;10:30:00;RJ;101;325.0;NITEROI;Nao guardar distancia de seguranca;Colisao traseira;Com Vitimas Feridas;Pleno dia
1079451;2012-03-24;Sabado;12:40:00;RJ;101;321.0;NITEROI;Falta de atencao;Colisao traseira;Sem Vitimas;Pleno dia
1079635;2012-03-24;Sabado;18:00:00;RJ;101;316.0;SAO GONCALO;Outras;Colisao lateral;Com Vitimas Feridas;Anoitecer
1079805;2012-03-25;Domingo;07:39:00;RJ;101;328.0;RIO DE JANEIRO;Outras;Colisao com objeto fixo;Com Vitimas Feridas;Pleno dia
1079807;2012-03-21;Quarta;17:30:00;RJ;101;327.0;NITEROI;Outras;Colisao traseira;Com Vitimas Feridas;Pleno dia
1079989;2012-03-25;Domingo;14:45:00;RJ;101;326.0;NITEROI;Outras;Colisao traseira;Sem Vitimas;Pleno dia
1079994;2012-03-25;Domingo;14:45:00;RJ;101;326.0;NITEROI;Outras;Colisao traseira;Sem Vitimas;Pleno dia
1080364;2012-03-14;Quarta;17:25:00;RJ;101;302.0;SAO GONCALO;Animais na Pista;Colisao lateral;Sem Vitimas;Anoitecer
1080478;2012-03-26;Segunda;11:38:00;RJ;101;322.0;NITEROI;Outras;Colisao traseira;Sem Vitimas;Pleno dia
1080481;2012-03-22;Quinta;18:01:00;RJ;101;328.0;NITEROI;Outras;Colisao lateral;Sem Vitimas;Pleno dia
1080482;2012-03-22;Quinta;14:26:00;RJ;101;327.0;NITEROI;Outras;Colisao traseira;Sem Vitimas;Pleno dia
1080485;2012-03-26;Segunda;10:50:00;RJ;101;333.0;RIO DE JANEIRO;Outras;Colisao traseira;Sem Vitimas;Pleno dia
1080547;2012-03-26;Segunda;12:50:00;RJ;101;332.0;RIO DE JANEIRO;Outras;Colisao traseira;Sem Vitimas;Pleno dia
1080591;2012-03-24;Sabado;14:15:00;RJ;101;323.0;NITEROI;Falta de atencao;Colisao traseira;Sem Vitimas;Pleno dia
1080675;2012-03-26;Segunda;17:50:00;RJ;101;322.0;NITEROI;Outras;Colisao lateral;Sem Vitimas;Pleno dia
1080730;2012-03-26;Segunda;17:55:00;RJ;101;314.0;SAO GONCALO;Outras;Colisao traseira;Sem Vitimas;Pleno dia
1080911;2012-03-27;Terca;05:00:00;RJ;101;318.0;SAO GONCALO;Outras;Saida de Pista;Sem Vitimas;Amanhecer
1080936;2012-03-19;Segunda;09:15:00;RJ;101;315.0;SAO GONCALO;Falta de atencao;Colisao lateral;Sem Vitimas;Pleno dia
1081245;2012-03-23;Sexta;19:40:00;RJ;101;329.0;NITEROI;Outras;Colisao traseira;Sem Vitimas;Plena noite
1081387;2012-03-24;Sabado;00:51:00;RJ;101;322.0;NITEROI;Outras;Colisao traseira;Sem Vitimas;Plena noite
1081486;2012-03-27;Terca;08:00:00;RJ;101;305.0;SAO GONCALO;Outras;Colisao lateral;Sem Vitimas;Pleno dia
1081511;2012-03-23;Sexta;22:10:00;RJ;101;322.0;NITEROI;Nao guardar distancia de seguranca;Colisao traseira;Sem Vitimas;Plena noite
1081586;2012-03-27;Terca;21:20:00;RJ;101;319.0;SAO GONCALO;Outras;Incendio;Sem Vitimas;Plena noite
1081642;2012-03-28;Quarta;01:00:00;RJ;101;306.0;SAO GONCALO;Outras;Capotamento;Sem Vitimas;Plena noite
1081702;2012-03-28;Quarta;01:40:00;RJ;101;334.0;RIO DE JANEIRO;Falta de atencao;Colisao lateral;Sem Vitimas;Plena noite
1081743;2012-03-24;Sabado;13:25:00;RJ;101;322.0;NITEROI;Falta de atencao;Colisao traseira;Sem Vitimas;Pleno dia
1081780;2012-03-25;Domingo;01:20:00;RJ;101;328.0;RIO DE JANEIRO;Falta de atencao;Tombamento;Com Vitimas Feridas;Plena noite
1081796;2012-03-28;Quarta;06:30:00;RJ;101;308.0;SAO GONCALO;Outras;Tombamento;Sem Vitimas;Pleno dia
1081935;2012-03-24;Sabado;07:40:00;RJ;101;319.0;SAO GONCALO;Outras;Colisao traseira;Sem Vitimas;Plena noite
1082305;2012-03-29;Quinta;06:40:00;RJ;101;309.8;SAO GONCALO;Outras;Colisao lateral;Sem Vitimas;Pleno dia
1082312;2012-03-29;Quinta;06:26:00;RJ;101;332.0;RIO DE JANEIRO;Outras;Colisao traseira;Sem Vitimas;Pleno dia
1082317;2012-03-29;Quinta;06:20:00;RJ;101;313.0;SAO GONCALO;Falta de atencao;Colisao traseira;Sem Vitimas;Pleno dia
1082375;2012-03-29;Quinta;08:00:00;RJ;101;318.0;SAO GONCALO;Outras;Colisao lateral;Sem Vitimas;Pleno dia
1082389;2012-03-29;Quinta;10:00:00;RJ;101;313.0;SAO GONCALO;Outras;Colisao lateral;Com Vitimas Feridas;Pleno dia
1082431;2012-03-29;Quinta;11:20:00;RJ;101;313.0;SAO GONCALO;Falta de atencao;Colisao traseira;Sem Vitimas;Pleno dia
1082569;2012-03-29;Quinta;16:55:00;RJ;101;317.0;SAO GONCALO;Falta de atencao;Colisao traseira;Sem Vitimas;Pleno dia
1082591;2012-03-29;Quinta;17:31:00;RJ;101;325.0;NITEROI;Outras;Colisao lateral;Sem Vitimas;Plena noite
1082626;2012-03-29;Quinta;17:45:00;RJ;101;321.0;NITEROI;Outras;Colisao lateral;Sem Vitimas;Pleno dia
1082656;2012-03-29;Quinta;19:00:00;RJ;101;322.0;NITEROI;Outras;Colisao lateral;Sem Vitimas;Plena noite
1082852;2012-03-28;Quarta;23:00:00;RJ;101;321.0;NITEROI;Outras;Colisao lateral;Sem Vitimas;Plena noite
1082915;2012-03-30;Sexta;10:35:00;RJ;101;316.8;SAO GONCALO;Nao guardar distancia de seguranca;Colisao traseira;Sem Vitimas;Pleno dia
1083014;2012-03-30;Sexta;15:20:00;RJ;101;321.5;NITEROI;Outras;Colisao lateral;Sem Vitimas;Pleno dia
1083026;2012-03-31;Sabado;11:40:00;RJ;101;310.0;SAO GONCALO;Outras;Saida de Pista;Com Vitimas Feridas;Pleno dia
1083027;2012-03-27;Terca;11:20:00;RJ;101;321.0;NITEROI;Outras;Colisao lateral;Com Vitimas Feridas;Pleno dia
1083208;2012-03-31;Sabado;16:55:00;RJ;101;327.0;NITEROI;Outras;Colisao com objeto fixo;Sem Vitimas;Pleno dia
1083250;2012-03-31;Sabado;18:35:00;RJ;101;323.0;NITEROI;Nao guardar distancia de seguranca;Colisao traseira;Sem Vitimas;Anoitecer
1083364;2012-03-31;Sabado;20:40:00;RJ;101;323.0;NITEROI;Ingestao de alcool;Colisao traseira;Sem Vitimas;Plena noite
1083371;2012-03-31;Sabado;23:00:00;RJ;101;316.0;SAO GONCALO;Outras;Capotamento;Sem Vitimas;Plena noite
1083392;2012-03-31;Sabado;23:40:00;RJ;101;313.0;SAO GONCALO;Outras;Colisao traseira;Com Vitimas Feridas;Plena noite
1083495;2012-03-28;Quarta;19:00:00;RJ;101;318.0;SAO GONCALO;Outras;Colisao traseira;Sem Vitimas;Anoitecer
1083529;2012-03-28;Quarta;21:20:00;RJ;101;324.0;NITEROI;Outras;Colisao lateral;Sem Vitimas;Plena noite
1083543;2012-03-28;Quarta;19:20:00;RJ;101;330.0;RIO DE JANEIRO;Outras;Colisao traseira;Sem Vitimas;Plena noite
1083560;2012-03-28;Quarta;15:45:00;RJ;101;305.0;SAO GONCALO;Outras;Colisao frontal;Sem Vitimas;Pleno dia
1083625;2012-04-01;Domingo;11:30:00;RJ;101;300.0;SAO GONCALO;Velocidade incompativel;Colisao traseira;Sem Vitimas;Pleno dia
1084119;2012-04-02;Segunda;11:30:00;RJ;101;327.0;RIO DE JANEIRO;Outras;Colisao lateral;Sem Vitimas;Pleno dia
1084217;2012-04-02;Segunda;08:45:00;RJ;101;319.0;SAO GONCALO;Outras;Capotamento;Com Vitimas Feridas;Pleno dia
1084510;2012-03-30;Sexta;11:30:00;RJ;101;324.0;NITEROI;Falta de atencao;Colisao traseira;Com Vitimas Feridas;Pleno dia