id;data_inversa;dia_semana;horario;uf;br;km;municipio;causa_acidente;tipo_acidente;classificacao_acidente;fase_dia
1211844;2012-12-03;Segunda;17:00:00;RJ;101;327.0;NITEROI;Falta de atencao;Colisao traseira;Com Vitimas Feridas;Pleno dia
1211971;2012-11-24;Sabado;04:00:00;RJ;101;322.0;NITEROI;Outras;Colisao traseira;Sem Vitimas;Plena noite
1211993;2012-12-04;Terca;07:58:00;RJ;101;322.0;NITEROI;Nao guardar distancia de seguranca;Colisao lateral;Sem Vitimas;Pleno dia
1212107;2012-12-04;Terca;10:40:00;RJ;101;334.0;RIO DE JANEIRO;Falta de atencao;Queda de motocicleta / bicicleta / veiculo;Com Vitimas Feridas;Pleno dia
1212177;2012-12-04;Terca;12:35:00;RJ;101;300.0;SAO GONCALO;Outras;Colisao lateral;Com Vitimas Feridas;Pleno dia
1212344;2012-12-04;Terca;17:30:00;RJ;101;320.0;NITEROI;Outras;Colisao com objeto movel;Sem Vitimas;Pleno dia
1212537;2012-12-05;Quarta;07:00:00;RJ;101;308.0;SAO GONCALO;Outras;Capotamento;Sem Vitimas;Pleno dia
1212613;2012-12-05;Quarta;09:00:00;RJ;101;315.0;SAO GONCALO;Nao guardar distancia de seguranca;Colisao traseira;Sem Vitimas;Pleno dia
1212929;2012-12-05;Quarta;17:58:00;RJ;101;319.0;NITEROI;Outras;Colisao traseira;Sem Vitimas;Pleno dia
1213020;2012-12-05;Quarta;15:30:00;RJ;101;320.0;SAO GONCALO;Outras;Capotamento;Com Vitimas Fatais;Pleno dia
1213136;2012-12-06;Quinta;04:00:00;RJ;101;315.0;SAO GONCALO;Outras;Saida de Pista;Sem Vitimas;Plena noite
1213327;2012-12-05;Quarta;14:30:00;RJ;101;322.0;NITEROI;Outras;Colisao traseira;Sem Vitimas;Pleno dia
1213394;2012-12-06;Quinta;15:09:00;RJ;101;328.0;NITEROI;Outras;Colisao lateral;Sem Vitimas;Pleno dia
1213477;2012-12-06;Quinta;16:45:00;RJ;101;321.0;NITEROI;Outras;Colisao lateral;Sem Vitimas;Pleno dia
1213495;2012-12-06;Quinta;19:00:00;RJ;101;328.0;NITEROI;Outras;Colisao traseira;Sem Vitimas;Anoitecer
1213649;2012-12-06;Quinta;22:30:00;RJ;101;321.0;NITEROI;Outras;Colisao lateral;Sem Vitimas;Plena noite
1213659;2012-12-06;Quinta;23:30:00;RJ;101;321.0;NITEROI;Outras;Colisao lateral;Sem Vitimas;Plena noite
1213696;2012-12-07;Sexta;02:30:00;RJ;101;307.5;SAO GONCALO;Outras;Colisao traseira;Sem Vitimas;Plena noite
1213717;2012-12-07;Sexta;02:00:00;RJ;101;303.0;SAO GONCALO;Outras;Colisao traseira;Sem Vitimas;Plena noite
1213725;2012-11-29;Quinta;19:35:00;RJ;101;316.0;SAO GONCALO;Nao guardar distancia de seguranca;Colisao traseira;Sem Vitimas;Plena noite
1213761;2012-12-06;Quinta;21:22:00;RJ;101;320.0;NITEROI;Outras;Colisao com objeto fixo;Com Vitimas Feridas;Plena noite
1213890;2012-12-07;Sexta;11:20:00;RJ;101;318.0;SAO GONCALO;Outras;Colisao lateral;Sem Vitimas;Pleno dia
1214047;2012-12-03;Segunda;06:45:00;RJ;101;316.0;SAO GONCALO;Outras;Atropelamento de pessoa;Com Vitimas Feridas;Pleno dia
1214099;2012-12-07;Sexta;11:20:00;RJ;101;309.0;SAO GONCALO;Outras;Colisao com objeto fixo;Sem Vitimas;Pleno dia
1214122;2012-12-07;Sexta;19:40:00;RJ;101;310.0;SAO GONCALO;Outras;Colisao lateral;Sem Vitimas;Anoitecer
1214201;2012-12-07;Sexta;21:30:00;RJ;101;333.0;RIO DE JANEIRO;Outras;Colisao traseira;Sem Vitimas;Plena noite
1214214;2012-12-07;Sexta;23:00:00;RJ;101;322.0;NITEROI;Falta de atencao;Colisao lateral;Sem Vitimas;Plena noite
1214247;2012-12-07;Sexta;21:19:00;RJ;101;321.0;NITEROI;Falta de atencao;Colisao lateral;Sem Vitimas;Plena noite
1214393;2012-12-08;Sabado;07:10:00;RJ;101;321.0;NITEROI;Nao guardar distancia de seguranca;Colisao traseira;Sem Vitimas;Pleno dia
1214456;2012-12-08;Sabado;10:30:00;RJ;101;329.0;RIO DE JANEIRO;Nao guardar distancia de seguranca;Colisao traseira;Sem Vitimas;Pleno dia
1214457;2012-12-01;Sabado;04:00:00;RJ;101;309.0;SAO GONCALO;Outras;Colisao traseira;Sem Vitimas;Plena noite
1214461;2012-12-08;Sabado;10:50:00;RJ;101;303.0;SAO GONCALO;Falta de atencao;Colisao traseira;Sem Vitimas;Pleno dia
1214576;2012-12-08;Sabado;16:10:00;RJ;101;329.0;RIO DE JANEIRO;Falta de atencao;Colisao traseira;Sem Vitimas;Pleno dia
1214587;2012-10-07;Domingo;18:26:00;RJ;101;306.0;SAO GONCALO;Outras;Atropelamento de pessoa;Com Vitimas Feridas;Anoitecer
1214597;2012-12-08;Sabado;15:00:00;RJ;101;324.4;NITEROI;Nao guardar distancia de seguranca;Colisao traseira;Sem Vitimas;Pleno dia
1214621;2012-12-08;Sabado;17:00:00;RJ;101;326.0;NITEROI;Outras;Colisao traseira;Sem Vitimas;Pleno dia
1214788;2012-12-08;Sabado;23:00:00;RJ;101;322.0;NITEROI;Falta de atencao;Colisao traseira;Sem Vitimas;Plena noite
1214797;2012-12-08;Sabado;23:30:00;RJ;101;313.0;SAO GONCALO;Falta de atencao;Colisao traseira;Sem Vitimas;Plena noite
1214866;2012-11-23;Sexta;18:00:00;RJ;101;334.0;RIO DE JANEIRO;Falta de atencao;Colisao lateral;Com Vitimas Feridas;Anoitecer
1214871;2012-12-09;Domingo;05:30:00;RJ;101;318.0;NITEROI;Outras;Colisao lateral;Sem Vitimas;Amanhecer
1214894;2012-12-06;Quinta;00:10:00;RJ;101;315.0;SAO GONCALO;Velocidade incompativel;Colisao com objeto fixo;Sem Vitimas;Plena noite
1214909;2012-12-06;Quinta;01:40:00;RJ;101;312.0;SAO GONCALO;Falta de atencao;Colisao lateral;Sem Vitimas;Plena noite
1215397;2012-12-07;Sexta;03:30:00;RJ;101;311.0;SAO GONCALO;Outras;Saida de Pista;Com Vitimas Feridas;Plena noite
1215628;2012-12-10;Segunda;14:40:00;RJ;101;322.0;NITEROI;Nao guardar distancia de seguranca;Colisao traseira;Sem Vitimas;Pleno dia
1215681;2012-12-10;Segunda;15:08:00;RJ;101;325.0;NITEROI;Outras;Colisao traseira;Sem Vitimas;Pleno dia
1215745;2012-12-10;Segunda;17:40:00;RJ;101;334.0;RIO DE JANEIRO;Outras;Colisao traseira;Sem Vitimas;Pleno dia
1215826;2012-12-10;Segunda;20:10:00;RJ;101;322.0;NITEROI;Outras;Colisao lateral;Sem Vitimas;Plena noite
1215925;2012-12-10;Segunda;20:00:00;RJ;101;313.9;SAO GONCALO;Outras;Colisao traseira;Com Vitimas Feridas;Plena noite
1216026;2012-12-11;Terca;06:30:00;RJ;101;323.0;NITEROI;Outras;Colisao traseira;Sem Vitimas;Pleno dia
1216038;2012-12-11;Terca;06:30:00;RJ;101;322.0;NITEROI;Outras;Colisao traseira;Sem Vitimas;Pleno dia
1216128;2012-12-07;Sexta;23:30:00;RJ;101;318.0;SAO GONCALO;Outras;Colisao lateral;Sem Vitimas;Plena noite
1216202;2012-12-07;Sexta;23:30:00;RJ;101;312.0;SAO GONCALO;Outras;Colisao traseira;Sem Vitimas;Plena noite
1216238;2012-12-11;Terca;07:00:00;RJ;101;315.0;SAO GONCALO;Nao guardar distancia de seguranca;Colisao lateral;Com Vitimas Feridas;Pleno dia
1216327;2012-12-11;Terca;20:00:00;RJ;101;320.0;NITEROI;Outras;Colisao traseira;Sem Vitimas;Plena noite
1216464;2012-12-12;Quarta;01:32:00;RJ;101;333.0;RIO DE JANEIRO;Falta de atencao;Colisao traseira;Com Vitimas Feridas;Plena noite
1216480;2012-12-12;Quarta;02:30:00;RJ;101;333.0;RIO DE JANEIRO;Outras;Colisao lateral;Sem Vitimas;Plena noite
1216496;2012-12-11;Terca;18:45:00;RJ;101;322.0;NITEROI;Falta de atencao;Colisao lateral;Sem Vitimas;Pleno dia
1216519;2012-12-12;Quarta;06:30:00;RJ;101;323.0;NITEROI;Outras;Colisao com objeto fixo;Sem Vitimas;Amanhecer
1216589;2012-12-12;Quarta;06:20:00;RJ;101;322.0;NITEROI;Falta de atencao;Colisao traseira;Sem Vitimas;Amanhecer
1216608;2012-12-12;Quarta;10:00:00;RJ;101;312.0;SAO GONCALO;Falta de atencao;Colisao traseira;Sem Vitimas;Pleno dia
1217005;2012-12-08;Sabado;20:50:00;RJ;101;329.2;NITEROI;Falta de atencao;Colisao traseira;Com Vitimas Feridas;Plena noite
1217018;2012-12-09;Domingo;04:30:00;RJ;101;320.2;NITEROI;Falta de atencao;Queda de motocicleta / bicicleta / veiculo;Com Vitimas Feridas;Plena noite
1217087;2012-12-10;Segunda;20:30:00;RJ;101;315.0;SAO GONCALO;Outras;Queda de motocicleta / bicicleta / veiculo;Com Vitimas Feridas;Plena noite
1217285;2012-12-13;Quinta;08:30:00;RJ;101;318.0;SAO GONCALO;Outras;Colisao lateral;Com Vitimas Feridas;Pleno dia
1217329;2012-12-13;Quinta;13:00:00;RJ;101;319.0;NITEROI;Outras;Saida de Pista;Sem Vitimas;Pleno dia
1217387;2012-12-10;Segunda;20:30:00;RJ;101;313.0;SAO GONCALO;Falta de atencao;Colisao traseira;Sem Vitimas;Plena noite
1217503;2012-12-13;Quinta;16:30:00;RJ;101;309.0;SAO GONCALO;Outras;Colisao lateral;Sem Vitimas;Pleno dia
1217525;2012-02-10;Sexta;02:00:00;RJ;101;312.0;SAO GONCALO;Outras;Colisao com objeto fixo;Sem Vitimas;Plena noite
1217728;2012-12-14;Sexta;08:05:00;RJ;101;329.0;RIO DE JANEIRO;Outras;Colisao traseira;Sem Vitimas;Pleno dia
1217753;2012-12-14;Sexta;08:53:00;RJ;101;329.0;RIO DE JANEIRO;Outras;Colisao traseira;Sem Vitimas;Pleno dia
1217778;2012-12-13;Quinta;22:00:00;RJ;101;322.0;NITEROI;Falta de atencao;Colisao traseira;Sem Vitimas;Plena noite
1217862;2012-12-14;Sexta;12:26:00;RJ;101;334.0;RIO DE JANEIRO;Outras;Colisao traseira;Sem Vitimas;Pleno dia
1217884;2012-12-14;Sexta;12:20:00;RJ;101;323.0;NITEROI;Outras;Colisao lateral;Sem Vitimas;Pleno dia
1217947;2012-12-14;Sexta;14:58:00;RJ;101;322.0;NITEROI;Outras;Colisao traseira;Sem Vitimas;Pleno dia
1218016;2012-12-14;Sexta;17:00:00;RJ;101;322.0;NITEROI;Defeito mecanico em veiculo;Colisao traseira;Sem Vitimas;Pleno dia
1218208;2012-12-14;Sexta;22:40:00;RJ;101;334.0;RIO DE JANEIRO;Outras;Colisao lateral;Sem Vitimas;Plena noite
1218214;2012-12-14;Sexta;22:30:00;RJ;101;334.0;RIO DE JANEIRO;Outras;Colisao lateral;Sem Vitimas;Plena noite
1218325;2012-12-15;Sabado;04:02:00;RJ;101;334.0;RIO DE JANEIRO;Outras;Colisao lateral;Sem Vitimas;Plena noite
1218415;2012-12-12;Quarta;00:20:00;RJ;101;303.0;SAO GONCALO;Nao guardar distancia de seguranca;Colisao traseira;Sem Vitimas;Plena noite
1218479;2012-12-08;Sabado;00:40:00;RJ;101;328.0;NITEROI;Nao guardar distancia de seguranca;Colisao lateral;Sem Vitimas;Plena noite
1218484;2012-12-11;Terca;22:40:00;RJ;101;324.0;NITEROI;Outras;Colisao lateral;Sem Vitimas;Plena noite
1218528;2012-12-15;Sabado;12:30:00;RJ;101;328.0;RIO DE JANEIRO;Outras;Colisao traseira;Sem Vitimas;Pleno dia
1218630;2012-12-15;Sabado;11:30:00;RJ;101;319.0;SAO GONCALO;Outras;Colisao traseira;Sem Vitimas;Pleno dia
1218754;2012-12-15;Sabado;15:10:00;RJ;101;319.0;NITEROI;Outras;Colisao traseira;Com Vitimas Fatais;Pleno dia
1218975;2012-12-11;Terca;18:00:00;RJ;101;322.0;NITEROI;Outras;Colisao traseira;Sem Vitimas;Pleno dia
1219100;2012-12-12;Quarta;12:59:00;RJ;101;321.8;NITEROI;Outras;Danos Eventuais;Sem Vitimas;Pleno dia
1219103;2012-12-16;Domingo;08:05:00;RJ;101;313.0;SAO GONCALO;Outras;Colisao com objeto fixo;Com Vitimas Feridas;Pleno dia
1219133;2012-12-12;Quarta;06:21:00;RJ;101;323.0;NITEROI;Outras;Colisao traseira;Sem Vitimas;Pleno dia
1219147;2012-12-13;Quinta;09:30:00;RJ;101;332.9;RIO DE JANEIRO;Outras;Colisao traseira;Sem Vitimas;Pleno dia
1219163;2012-12-13;Quinta;08:30:00;RJ;101;333.4;RIO DE JANEIRO;Outras;Colisao traseira;Sem Vitimas;Pleno dia
1219605;2012-12-17;Segunda;07:00:00;RJ;101;304.0;SAO GONCALO;Dormindo;Saida de Pista;Sem Vitimas;Pleno dia
1219882;2012-12-16;Domingo;05:00:00;RJ;101;316.0;SAO GONCALO;Dormindo;Saida de Pista;Sem Vitimas;Plena noite
1220237;2012-12-15;Sabado;05:00:00;RJ;101;317.0;SAO GONCALO;Falta de atencao;Colisao com objeto fixo;Sem Vitimas;Amanhecer
1220250;2012-12-14;Sexta;23:15:00;RJ;101;320.0;SAO GONCALO;Outras;Tombamento;Sem Vitimas;Plena noite
1220312;2012-12-18;Terca;08:25:00;RJ;101;325.0;NITEROI;Outras;Colisao traseira;Sem Vitimas;Pleno dia
1220330;2012-12-18;Terca;09:03:00;RJ;101;331.0;RIO DE JANEIRO;Outras;Colisao traseira;Sem Vitimas;Pleno dia
1220499;2012-12-18;Terca;14:30:00;RJ;101;319.0;SAO GONCALO;Outras;Colisao traseira;Com Vitimas Feridas;Pleno dia
1220774;2012-12-18;Terca;22:40:00;RJ;101;322.0;NITEROI;Outras;Colisao traseira;Sem Vitimas;Plena noite
1220781;2012-12-18;Terca;20:30:00;RJ;101;310.0;SAO GONCALO;Outras;Atropelamento de pessoa;Com Vitimas Feridas;Plena noite
1220881;2012-12-13;Quinta;11:20:00;RJ;101;331.0;RIO DE JANEIRO;Outras;Colisao traseira;Sem Vitimas;Pleno dia
1220977;2012-12-19;Quarta;15:00:00;RJ;101;309.0;SAO GONCALO;Falta de atencao;Colisao traseira;Sem Vitimas;Pleno dia
1221002;2012-12-19;Quarta;15:15:00;RJ;101;322.0;NITEROI;Outras;Colisao lateral;Sem Vitimas;Pleno dia
1221033;2012-12-19;Quarta;06:35:00;RJ;101;314.0;SAO GONCALO;Falta de atencao;Colisao com bicicleta;Com Vitimas Feridas;Amanhecer
1221051;2012-12-11;Terca;19:30:00;RJ;101;318.0;SAO GONCALO;Outras;Colisao lateral;Sem Vitimas;Plena noite
1221077;2012-12-19;Quarta;10:50:00;RJ;101;329.0;RIO DE JANEIRO;Outras;Colisao lateral;Sem Vitimas;Pleno dia
1221247;2012-12-19;Quarta;20:25:00;RJ;101;322.0;NITEROI;Outras;Colisao lateral;Sem Vitimas;Plena noite
1221378;2012-12-19;Quarta;22:20:00;RJ;101;300.0;SAO GONCALO;Outras;Colisao traseira;Sem Vitimas;Pleno dia
1221649;2012-12-20;Quinta;12:20:00;RJ;101;320.0;NITEROI;Nao guardar distancia de seguranca;Colisao traseira;Sem Vitimas;Pleno dia
1221752;2012-12-20;Quinta;15:35:00;RJ;101;323.0;NITEROI;Defeito mecanico em veiculo;Colisao traseira;Sem Vitimas;Pleno dia
1221828;2012-12-20;Quinta;17:15:00;RJ;101;322.0;NITEROI;Falta de atencao;Colisao traseira;Sem Vitimas;Pleno dia
1221845;2012-12-20;Quinta;18:20:00;RJ;101;322.0;NITEROI;Falta de atencao;Colisao lateral;Sem Vitimas;Pleno dia
1221928;2012-12-20;Quinta;18:35:00;RJ;101;332.0;RIO DE JANEIRO;Falta de atencao;Colisao traseira;Sem Vitimas;Plena noite
1222003;2012-12-20;Quinta;22:00:00;RJ;101;318.0;SAO GONCALO;Outras;Colisao lateral;Sem Vitimas;Plena noite
1222345;2012-12-17;Segunda;14:00:00;RJ;101;330.5;RIO DE JANEIRO;Outras;Colisao lateral;Sem Vitimas;Pleno dia
1222405;2012-12-17;Segunda;21:30:00;RJ;101;318.0;SAO GONCALO;Outras;Saida de Pista;Sem Vitimas;Plena noite
1223030;2012-12-22;Sabado;07:00:00;RJ;101;313.0;SAO GONCALO;Outras;Colisao lateral;Com Vitimas Feridas;Pleno dia
1223190;2012-12-22;Sabado;11:00:00;RJ;101;303.0;SAO GONCALO;Outras;Colisao lateral;Sem Vitimas;Pleno dia
1223240;2012-12-22;Sabado;14:40:00;RJ;101;307.0;SAO GONCALO;Falta de atencao;Colisao lateral;Sem Vitimas;Pleno dia
1223266;2012-12-22;Sabado;17:00:00;RJ;101;329.0;RIO DE JANEIRO;Defeito mecanico em veiculo;Colisao traseira;Sem Vitimas;Pleno dia
1223285;2012-12-22;Sabado;17:45:00;RJ;101;329.0;RIO DE JANEIRO;Outras;Colisao traseira;Sem Vitimas;Pleno dia
1223858;2012-12-23;Domingo;13:45:00;RJ;101;326.0;NITEROI;Outras;Colisao lateral;Sem Vitimas;Pleno dia
1223867;2012-12-23;Domingo;13:00:00;RJ;101;325.0;NITEROI;Outras;Colisao lateral;Com Vitimas Feridas;Pleno dia
1224026;2012-12-23;Domingo;17:10:00;RJ;101;329.0;RIO DE JANEIRO;Outras;Colisao traseira;Sem Vitimas;Pleno dia
1224246;2012-12-19;Quarta;17:50:00;RJ;101;321.0;SAO GONCALO;Outras;Colisao traseira;Sem Vitimas;Anoitecer
1224394;2012-12-24;Segunda;10:50:00;RJ;101;322.0;NITEROI;Falta de atencao;Colisao traseira;Sem Vitimas;Pleno dia
1224728;2012-12-24;Segunda;20:20:00;RJ;101;312.0;SAO GONCALO;Outras;Colisao lateral;Sem Vitimas;Plena noite
1224841;2012-12-17;Segunda;22:10:00;RJ;101;333.0;RIO DE JANEIRO;Velocidade incompativel;Colisao com objeto fixo;Sem Vitimas;Plena noite
1224846;2012-12-21;Sexta;18:50:00;RJ;101;318.0;SAO GONCALO;Outras;Colisao com objeto fixo;Com Vitimas Feridas;Anoitecer
1225122;2012-12-25;Terca;16:50:00;RJ;101;329.0;NITEROI;Nao guardar distancia de seguranca;Colisao traseira;Sem Vitimas;Pleno dia
1225201;2012-12-25;Terca;21:20:00;RJ;101;323.0;NITEROI;Outras;Colisao traseira;Sem Vitimas;Plena noite
1225392;2012-12-26;Quarta;08:35:00;RJ;101;326.0;RIO DE JANEIRO;Outras;Colisao traseira;Sem Vitimas;Pleno dia
1225470;2012-12-09;Domingo;18:05:00;RJ;101;328.5;NITEROI;Nao guardar distancia de seguranca;Colisao traseira;Sem Vitimas;Pleno dia
1225488;2012-12-26;Quarta;11:45:00;RJ;101;328.0;NITEROI;Outras;Colisao traseira;Sem Vitimas;Pleno dia
1225550;2012-12-26;Quarta;13:57:00;RJ;101;320.0;NITEROI;Outras;Colisao traseira;Sem Vitimas;Pleno dia
1225571;2012-12-26;Quarta;13:40:00;RJ;101;321.0;NITEROI;Outras;Colisao lateral;Sem Vitimas;Pleno dia
1225651;2012-12-26;Quarta;15:30:00;RJ;101;325.0;NITEROI;Outras;Colisao lateral;Sem Vitimas;Pleno dia
1225697;2012-12-26;Quarta;14:46:00;RJ;101;323.0;NITEROI;Defeito mecanico em veiculo;Colisao traseira;Sem Vitimas;Pleno dia
1225844;2012-12-26;Quarta;19:10:00;RJ;101;324.0;NITEROI;Outras;Colisao traseira;Sem Vitimas;Anoitecer
1225875;2012-12-26;Quarta;19:00:00;RJ;101;301.0;SAO GONCALO;Outras;Colisao traseira;Sem Vitimas;Pleno dia
1225932;2012-12-22;Sabado;09:00:00;RJ;101;314.0;SAO GONCALO;Outras;Saida de Pista;Sem Vitimas;Pleno dia
1225988;2012-12-26;Quarta;17:30:00;RJ;101;313.0;SAO GONCALO;Nao guardar distancia de seguranca;Colisao lateral;Com Vitimas Feridas;Pleno dia
1226198;2012-12-27;Quinta;08:45:00;RJ;101;302.0;SAO GONCALO;Falta de atencao;Colisao traseira;Sem Vitimas;Pleno dia
1226296;2012-12-27;Quinta;11:50:00;RJ;101;302.0;SAO GONCALO;Outras;Colisao lateral;Sem Vitimas;Pleno dia
1226543;2012-12-27;Quinta;19:45:00;RJ;101;327.0;RIO DE JANEIRO;Outras;Colisao traseira;Sem Vitimas;Plena noite
1226764;2012-12-28;Sexta;09:50:00;RJ;101;303.0;SAO GONCALO;Falta de atencao;Colisao traseira;Sem Vitimas;Pleno dia
1226889;2012-12-20;Quinta;22:30:00;RJ;101;328.8;RIO DE JANEIRO;Falta de atencao;Colisao traseira;Com Vitimas Feridas;Plena noite
1226925;2012-12-28;Sexta;15:00:00;RJ;101;328.0;NITEROI;Outras;Danos Eventuais;Sem Vitimas;Pleno dia
1226940;2012-12-28;Sexta;16:20:00;RJ;101;310.0;SAO GONCALO;Outras;Colisao traseira;Sem Vitimas;Pleno dia
1226968;2012-12-28;Sexta;12:01:00;RJ;101;314.0;SAO GONCALO;Defeito mecanico em veiculo;Colisao traseira;Sem Vitimas;Pleno dia
1227004;2012-12-28;Sexta;17:00:00;RJ;101;310.0;SAO GONCALO;Outras;Colisao traseira;Sem Vitimas;Pleno dia
1227108;2012-12-28;Sexta;19:30:00;RJ;101;316.0;SAO GONCALO;Outras;Colisao lateral;Sem Vitimas;Anoitecer
1227283;2012-12-25;Terca;18:00:00;RJ;101;313.0;SAO GONCALO;Outras;Colisao traseira;Sem Vitimas;Anoitecer
1227347;2012-12-25;Terca;12:00:00;RJ;101;322.0;NITEROI;Nao guardar distancia de seguranca;Colisao traseira;Sem Vitimas;Pleno dia
1227364;2012-12-25;Terca;20:20:00;RJ;101;328.0;RIO DE JANEIRO;Falta de atencao;Colisao traseira;Sem Vitimas;Plena noite
1227556;2012-12-29;Sabado;09:30:00;RJ;101;306.0;SAO GONCALO;Outras;Colisao traseira;Sem Vitimas;Pleno dia
1227628;2012-12-29;Sabado;16:00:00;RJ;101;310.0;SAO GONCALO;Outras;Colisao traseira;Com Vitimas Feridas;Pleno dia
1228206;2012-12-30;Domingo;15:13:00;RJ;101;329.0;NITEROI;Outras;Colisao traseira;Sem Vitimas;Pleno dia
1228211;2012-12-30;Domingo;15:50:00;RJ;101;328.0;RIO DE JANEIRO;Falta de atencao;Colisao traseira;Sem Vitimas;Pleno dia
1228221;2012-12-30;Domingo;15:01:00;RJ;101;330.0;RIO DE JANEIRO;Outras;Colisao traseira;Sem Vitimas;Pleno dia
1228656;2012-12-31;Segunda;13:16:00;RJ;101;325.0;NITEROI;Outras;Colisao traseira;Sem Vitimas;Pleno dia
1229424;2012-12-24;Segunda;12:45:00;RJ;101;332.9;RIO DE JANEIRO;Outras;Colisao traseira;Com Vitimas Feridas;Pleno dia
1229444;2012-12-29;Sabado;14:00:00;RJ;101;312.0;SAO GONCALO;Falta de atencao;Colisao lateral;Com Vitimas Feridas;Pleno dia
1230575;2012-12-28;Sexta;11:20:00;RJ;101;320.0;NITEROI;Outras;Colisao traseira;Com Vitimas Feridas;Pleno dia
1230872;2012-12-31;Segunda;06:45:00;RJ;101;314.0;SAO GONCALO;Outras;Colisao traseira;Sem Vitimas;Pleno dia
1231257;2012-12-28;Sexta;18:30:00;RJ;101;332.3;RIO DE JANEIRO;Falta de atencao;Colisao com objeto movel;Com Vitimas Feridas;Pleno dia
1232502;2012-12-29;Sabado;13:10:00;RJ;101;322.0;NITEROI;Nao guardar distancia de seguranca;Colisao traseira;Sem Vitimas;Pleno dia
1232512;2012-12-13;Quinta;23:50:00;RJ;101;329.0;NITEROI;Defeito mecanico em veiculo;Colisao com objeto movel;Sem Vitimas;Plena noite
1232588;2012-12-29;Sabado;08:30:00;RJ;101;328.0;NITEROI;Falta de atencao;Colisao traseira;Sem Vitimas;Pleno dia
1233473;2012-11-11;Domingo;15:00:00;RJ;101;334.0;RIO DE JANEIRO;Defeito mecanico em veiculo;Colisao traseira;Com Vitimas Feridas;Pleno dia
1233545;2012-12-29;Sabado;18:00:00;RJ;101;322.0;NITEROI;Nao guardar distancia de seguranca;Colisao lateral;Sem Vitimas;Pleno dia
1236454;2012-12-14;Sexta;00:50:00;RJ;101;314.0;SAO GONCALO;Outras;Colisao com objeto fixo;Sem Vitimas;Plena noite
1239467;2012-12-22;Sabado;01:00:00;RJ;101;327.0;NITEROI;Outras;Colisao traseira;Sem Vitimas;Plena noite
1246567;2012-12-01;Sabado;18:30:00;RJ;101;310.0;SAO GONCALO;Animais na Pista;Colisao traseira;Sem Vitimas;Pleno dia
1246633;2012-09-13;Quinta;19:00:00;RJ;101;311.0;SAO GONCALO;Outras;Atropelamento de pessoa;Com Vitimas Feridas;Plena noite
1247251;2012-12-16;Domingo;03:30:00;RJ;101;311.0;SAO GONCALO;Ingestao de alcool;Saida de Pista;Com Vitimas Feridas;Plena noite
1247807;2012-12-08;Sabado;09:45:00;RJ;101;326.0;NITEROI;Nao guardar distancia de seguranca;Colisao traseira;Sem Vitimas;Pleno dia
1250560;2012-12-13;Quinta;21:30:00;RJ;101;322.0;NITEROI;Falta de atencao;Colisao lateral;Sem Vitimas;Plena noite
1252186;2012-12-25;Terca;17:20:00;RJ;101;329.0;NITEROI;Nao guardar distancia de seguranca;Colisao traseira;Sem Vitimas;Pleno dia
1259996;2012-03-01;Quinta;22:00:00;RJ;101;328.0;NITEROI;Outras;Colisao traseira;Sem Vitimas;Plena noite
1264819;2012-12-24;Segunda;13:40:00;RJ;101;305.0;SAO GONCALO;Nao guardar distancia de seguranca;Colisao traseira;Com Vitimas Feridas;Pleno dia
1269719;2012-02-19;Domingo;13:50:00;RJ;101;310.0;SAO GONCALO;Nao guardar distancia de seguranca;Colisao traseira;Sem Vitimas;Pleno dia
83106336;2012-11-29;Quinta;11:20:00;RJ;101;326.0;NITEROI;Falta de atencao;Colisao traseira;Com Vitimas Feridas;Pleno dia
83192978;2012-06-10;Domingo;21:25:00;RJ;101;318.5;SAO GONCALO;Outras;Saida de Pista;Com Vitimas Fatais;Plena noite
83268290;2012-10-30;Terca;12:00:00;RJ;101;302.0;SAO GONCALO;Outras;Colisao traseira;Com Vitimas Feridas;Pleno dia